{"train": [0.5105424563090006, 0.45009990433851876, 0.4411606639623642, 0.43602826396624245, 0.43287442525227865, 0.4406745970249176, 0.43287547330061593, 0.4307066152493159, 0.43994369109471637, 0.43558103442192075], "val": [0.4554418534040451, 0.44942411184310915, 0.4446814298629761, 0.44299781024456025, 0.44267952144145967, 0.4393415808677673, 0.4305889129638672, 0.4393879324197769, 0.43837696611881255, 0.4353610843420029], "test": [0.44757682681083677, 0.4556324541568756, 0.44858909845352174, 0.44115252792835236, 0.4509171277284622, 0.43041291236877444, 0.4353250294923782, 0.43942464888095856, 0.4385661959648132, 0.4508697897195816], "val_iou": [0.7460556030273438, 0.7403671264648437, 0.7630950927734375, 0.7291030883789062, 0.7538299560546875, 0.7537490844726562, 0.7429762184619904, 0.7400650322437287, 0.7627087771892548, 0.8151804566383362], "test_iou": [0.7379776000976562, 0.7400955200195313, 0.762908935546875, 0.7263153076171875, 0.7293258666992187, 0.7653152465820312, 0.725895369052887, 0.7627523601055145, 0.7491648197174072, 0.7514079749584198]}