{"train": [0.5611361424128215, 0.4837266008059184, 0.4556285758813222, 0.4433472106854121, 0.43450913230578103, 0.44221949577331543, 0.4366656899452209, 0.43382345835367836, 0.44474032819271087, 0.4423285921414693], "val": [0.5590476095676422, 0.4638356864452362, 0.4360936850309372, 0.44127077460289, 0.43709894716739656, 0.44309512376785276, 0.43222497403621674, 0.4404538094997406, 0.4372480273246765, 0.45474871397018435], "test": [0.5575207382440567, 0.46692281365394595, 0.4333154261112213, 0.4424946576356888, 0.4324745774269104, 0.43782679438591005, 0.44050185680389403, 0.4396564155817032, 0.4363109201192856, 0.45227190554142], "val_iou": [0.7505538940429688, 0.7537185668945312, 0.7517471313476562, 0.7511505126953125, 0.7654681086540223, 0.9153386533260346, 0.8164597749710083, 0.8331599771976471, 0.795463752746582, 0.8813959300518036], "test_iou": [0.7521575927734375, 0.7462936401367187, 0.7817413330078125, 0.7524444580078125, 0.7643495738506317, 0.9089859366416931, 0.7776883780956269, 0.8335674047470093, 0.8000956475734711, 0.8615672707557678]}