{"train": [0.5465694492061933, 0.4618379933138688, 0.4448023873070876, 0.4524944834411144, 0.44643620153268176, 0.43061534439524013, 0.4396521983047326, 0.4277026814719041, 0.44111572826902073, 0.443931029488643, 0.44169069454073906, 0.42909663046399754, 0.4234723721941312, 0.4447760097682476, 0.43449794376889866, 0.42951611429452896, 0.4335765391588211, 0.4359719877441724, 0.43398212517301243, 0.4348538741469383], "val": [0.4897688664495945, 0.4599853754043579, 0.44085337594151497, 0.4486345015466213, 0.45645052194595337, 0.4491855949163437, 0.44752489775419235, 0.4631774574518204, 0.4329655133187771, 0.43057677894830704, 0.43416228890419006, 0.4386987090110779, 0.4717153422534466, 0.44169725477695465, 0.4566643387079239, 0.4463975839316845, 0.44328708201646805, 0.44265663623809814, 0.4378487505018711, 0.44609248638153076], "test": [0.49643804505467415, 0.4543484263122082, 0.438285443931818, 0.4398711286485195, 0.4450826793909073, 0.42158810794353485, 0.45665140077471733, 0.4437560960650444, 0.4429040811955929, 0.43196675181388855, 0.43260594829916954, 0.4291958883404732, 0.44262225180864334, 0.45426300913095474, 0.42197634279727936, 0.42581918835639954, 0.4256581775844097, 0.43887947499752045, 0.4411386512219906, 0.42636143416166306], "val_iou": [0.769338995218277, 0.762919619679451, 0.736114501953125, 0.7693440839648247, 0.7294915094971657, 0.7487564384937286, 0.7560263350605965, 0.7291713505983353, 0.9171250239014626, 0.847060389816761, 0.8951352760195732, 0.8842704892158508, 0.7814314365386963, 0.8494962528347969, 0.8410206288099289, 0.884864941239357, 0.8800876811146736, 0.9083200097084045, 0.8962497934699059, 0.8747517168521881], "test_iou": [0.748319998383522, 0.7506774887442589, 0.7648590132594109, 0.7396206855773926, 0.7678543999791145, 0.7691774815320969, 0.7275878414511681, 0.767408974468708, 0.8774809166789055, 0.8399718701839447, 0.8946044370532036, 0.8750115111470222, 0.8368982747197151, 0.8164668455719948, 0.888325922191143, 0.9053261950612068, 0.8957958891987801, 0.9016570225358009, 0.8927231654524803, 0.8944866359233856]}