{"train": [0.5279358190794786, 0.4495724303026994, 0.4368911099930604, 0.436467873553435, 0.44246336196859676, 0.4360785397390525, 0.43347321823239326, 0.4448169879615307, 0.43482862412929535, 0.4353453777730465, 0.44347961371143657, 0.4388846928874652, 0.4389750895400842, 0.4487612210214138, 0.4374276821811994, 0.4308792973558108, 0.4433778834839662, 0.4276382525761922, 0.4366046686967214, 0.4367661538223426], "val": [0.45692504197359085, 0.4369107447564602, 0.43949026614427567, 0.4415714368224144, 0.4462209828197956, 0.46276121214032173, 0.43407369777560234, 0.4315732754766941, 0.4331461526453495, 0.42484231293201447, 0.4395483732223511, 0.44527196511626244, 0.45244986936450005, 0.4417637772858143, 0.43721747025847435, 0.43777288123965263, 0.415813609957695, 0.4418005719780922, 0.4498194567859173, 0.43042556568980217], "test": [0.46642284095287323, 0.4612271748483181, 0.4350191541016102, 0.44703444465994835, 0.4320187084376812, 0.47138210386037827, 0.43379730358719826, 0.42680957168340683, 0.44327462464571, 0.43697744235396385, 0.4432961493730545, 0.449030801653862, 0.45186734944581985, 0.4341065213084221, 0.43712466955184937, 0.4359447620809078, 0.4209922291338444, 0.4410253204405308, 0.4286561459302902, 0.434019360691309], "val_iou": [0.7711578384041786, 0.7618484497070312, 0.7552352920174599, 0.7624771073460579, 0.7296372801065445, 0.7493240311741829, 0.741995245218277, 0.7689785584807396, 0.7634482532739639, 0.8166595175862312, 0.7691949382424355, 0.7623553723096848, 0.754724457859993, 0.907629169523716, 0.8949567899107933, 0.875524252653122, 0.8907643258571625, 0.9246755614876747, 0.8926121592521667, 0.8753151968121529], "test_iou": [0.7626373246312141, 0.7411560043692589, 0.7642257735133171, 0.7477142438292503, 0.7645993530750275, 0.7278182879090309, 0.7707525119185448, 0.7842153906822205, 0.7684400230646133, 0.7989835813641548, 0.7537436112761497, 0.7259311750531197, 0.7362596765160561, 0.9036863967776299, 0.9086350649595261, 0.853289008140564, 0.9310649633407593, 0.9124950915575027, 0.9199293032288551, 0.8848147541284561]}