{"train": [0.6882850130399069, 0.6931473016738892, 0.6931473016738892, 0.6931473016738892, 0.6931473016738892, 0.6931473016738892, 0.6931473016738892, 0.6931473016738892, 0.6931473016738892, 0.6931473016738892, 0.6931473016738892, 0.6931473016738892, 0.6931473016738892, 0.6931473016738892, 0.6931473016738892, 0.6931473016738892, 0.6931473016738892, 0.6931473016738892, 0.6931473016738892, 0.6931473016738892], "val": [0.6931473016738892, 0.6931473016738892, 0.6931473016738892, 0.6931473016738892, 0.6931473016738892, 0.6931473016738892, 0.6931473016738892, 0.6931473016738892, 0.6931473016738892, 0.6931473016738892, 0.6931473016738892, 0.6931473016738892, 0.6931473016738892, 0.6931473016738892, 0.6931473016738892, 0.6931473016738892, 0.6931473016738892, 0.6931473016738892, 0.6931473016738892, 0.6931473016738892], "test": [0.6931473016738892, 0.6931473016738892, 0.6931473016738892, 0.6931473016738892, 0.6931473016738892, 0.6931473016738892, 0.6931473016738892, 0.6931473016738892, 0.6931473016738892, 0.6931473016738892, 0.6931473016738892, 0.6931473016738892, 0.6931473016738892, 0.6931473016738892, 0.6931473016738892, 0.6931473016738892, 0.6931473016738892, 0.6931473016738892, 0.6931473016738892, 0.6931473016738892], "val_iou": [0.0, 0.0, 0.0, 0.0, 0.0, 0.0, 0.0, 0.0, 0.0, 0.0, 0.0, 0.0, 0.0, 0.0, 0.0, 0.0, 0.0, 0.0, 0.0, 0.0], "test_iou": [0.0, 0.0, 0.0, 0.0, 0.0, 0.0, 0.0, 0.0, 0.0, 0.0, 0.0, 0.0, 0.0, 0.0, 0.0, 0.0, 0.0, 0.0, 0.0, 0.0]}