{"train": [0.5387870321671168, 0.460170882443587, 0.44431255385279655, 0.4469556100666523, 0.43865878010789555, 0.4423109305401643, 0.4373002660771211, 0.44333502526084584, 0.4408403659860293, 0.43870340784390766, 0.43598197028040886, 0.43374963973959285, 0.44524525851011276, 0.4301137588918209, 0.43308520565430325, 0.4417221372326215, 0.4451342498262723, 0.4309447618822257, 0.4360515351096789, 0.44446898500124615], "val": [0.494753185659647, 0.44237956777215004, 0.44113457202911377, 0.429866224527359, 0.4370483458042145, 0.44754306972026825, 0.4256700985133648, 0.4355926066637039, 0.4231981746852398, 0.43626895546913147, 0.4322540685534477, 0.44181667640805244, 0.4437616690993309, 0.4375995732843876, 0.4300476908683777, 0.41652894020080566, 0.43317174166440964, 0.4192969724535942, 0.4433104954659939, 0.423633448779583], "test": [0.4690338782966137, 0.4514155462384224, 0.4442971758544445, 0.44530514627695084, 0.43640251085162163, 0.44476304948329926, 0.43575369566679, 0.4539657458662987, 0.42883744835853577, 0.433383472263813, 0.44539499282836914, 0.4341892749071121, 0.44177569076418877, 0.44312573224306107, 0.44283103570342064, 0.43460147082805634, 0.4484887756407261, 0.44038036093115807, 0.42512473836541176, 0.4331532046198845], "val_iou": [0.7414169237017632, 0.8107497319579124, 0.8318899944424629, 0.8794022127985954, 0.7481231689453125, 0.8126608356833458, 0.7821951508522034, 0.7898435443639755, 0.8416526690125465, 0.7588983103632927, 0.7705505266785622, 0.7413884252309799, 0.7423838675022125, 0.7594100311398506, 0.7679260745644569, 0.7993904873728752, 0.7802067622542381, 0.7985580116510391, 0.7523586750030518, 0.8221691399812698], "test_iou": [0.794229120016098, 0.8323270156979561, 0.8253297135233879, 0.8753678724169731, 0.7447540387511253, 0.8075710311532021, 0.8041933327913284, 0.7598936930298805, 0.8444617539644241, 0.7532316595315933, 0.75382399559021, 0.7664657831192017, 0.7726325988769531, 0.7490846142172813, 0.7705023139715195, 0.7568660750985146, 0.7471362128853798, 0.802705779671669, 0.7727450206875801, 0.7930605784058571]}