{"train": [0.5177669197320938, 0.45913395285606384, 0.44247611463069914, 0.43547243575255073, 0.43341967860857644, 0.4317290286223094, 0.44516095221042634, 0.43661008477211, 0.44273185431957246, 0.4340373814105988, 0.4329693833986918, 0.4321284919977188, 0.45525000294049583, 0.4520138959089915, 0.5632481932640075, 0.45975967347621916, 0.43945795198281606, 0.44372149407863615, 0.44355710844198865, 0.4312008827924728], "val": [0.5040636628866195, 0.44447188079357147, 0.431280255317688, 0.4650645971298218, 0.42562036514282225, 0.4328950524330139, 0.4537810027599335, 0.44199509620666505, 0.43660334646701815, 0.43683760762214663, 0.42792494893074035, 0.42765938937664033, 0.5311511754989624, 0.5542943984270096, 0.5337754845619201, 0.4349546551704407, 0.4541527032852173, 0.42815461456775666, 0.4281565845012665, 0.4322440832853317], "test": [0.5088122844696045, 0.4356486350297928, 0.42874267101287844, 0.4399131953716278, 0.443029510974884, 0.4509653985500336, 0.42602917551994324, 0.430687353014946, 0.43745468854904174, 0.4449939429759979, 0.43477212488651273, 0.44211443066596984, 0.5772461891174316, 0.5473896592855454, 0.5627491176128387, 0.4323810040950775, 0.4344073265790939, 0.43766030073165896, 0.4403666228055954, 0.4411005973815918], "val_iou": [0.7612152099609375, 0.7437591552734375, 0.7663742065429687, 0.7338027954101562, 0.7721923828125, 0.7532394409179688, 0.7288124322891235, 0.7625359714031219, 0.7673172771930694, 0.7711418151855469, 0.7939309239387512, 0.7660328984260559, 0.7775146484375, 0.7585593938827515, 0.7790706694126129, 0.9213740944862365, 0.8161911189556121, 0.7853070139884949, 0.8314660370349884, 0.812982714176178], "test_iou": [0.7431808471679687, 0.7675704956054688, 0.767169189453125, 0.7590499877929687, 0.7507407486438751, 0.7411285400390625, 0.7715848684310913, 0.7592659235000611, 0.7584550201892852, 0.7622882068157196, 0.7756262958049774, 0.7806334912776947, 0.7295745849609375, 0.7654228568077087, 0.7500605583190918, 0.9302158534526825, 0.8280068695545196, 0.7881918311119079, 0.8300702691078186, 0.7789115369319916]}