{"train": [0.5267172542711099, 0.45891717697183293, 0.4488162621855736, 0.44665008410811424, 0.4281366380552451, 0.43268953387935954, 0.44116737445195514, 0.42647380257646245, 0.4505232746402423, 0.4375154661635558, 0.4443369557460149, 0.44105062757929164, 0.44111008817950886, 0.45178159947196644, 0.44815990577141446, 0.4342214874923229, 0.4348871186375618, 0.4336889957388242, 0.4400991735359033, 0.4369870088994503], "val": [0.43898606672883034, 0.4450867548584938, 0.4515155665576458, 0.4213383123278618, 0.44609521701931953, 0.4324009120464325, 0.4362904652953148, 0.4419819414615631, 0.444902490824461, 0.4477580226957798, 0.4263468384742737, 0.4239567555487156, 0.42789264023303986, 0.4324524588882923, 0.43174102157354355, 0.4239865466952324, 0.41833777353167534, 0.43612882122397423, 0.43117234110832214, 0.43135903775691986], "test": [0.4543961472809315, 0.45180903375148773, 0.4356842525303364, 0.44027893245220184, 0.4504169672727585, 0.43179212138056755, 0.4414029084146023, 0.43553468957543373, 0.4515395425260067, 0.4307090863585472, 0.44852859154343605, 0.4356820546090603, 0.4313616268336773, 0.4390313886106014, 0.43377406150102615, 0.44882748648524284, 0.43686210736632347, 0.42382391542196274, 0.43629520386457443, 0.4443274438381195], "val_iou": [0.7861404418945312, 0.7361114546656609, 0.7336547896265984, 0.7754364013671875, 0.7357147186994553, 0.7539101466536522, 0.7633529677987099, 0.7787331491708755, 0.8457915335893631, 0.841838076710701, 0.8633828982710838, 0.8333547115325928, 0.8310860767960548, 0.8631023168563843, 0.8339661583304405, 0.8377559930086136, 0.890056923031807, 0.8570293560624123, 0.8870880827307701, 0.8758019730448723], "test_iou": [0.7520828321576118, 0.7503662109375, 0.7666992321610451, 0.7466049268841743, 0.7098007202148438, 0.748699888586998, 0.7339294478297234, 0.7720789760351181, 0.855218343436718, 0.8529822006821632, 0.8213435411453247, 0.8100157827138901, 0.819477453827858, 0.8266050666570663, 0.8524355068802834, 0.8000279366970062, 0.871666818857193, 0.8894716054201126, 0.8713062927126884, 0.8344906195998192]}