{"train": [0.5151838585734367, 0.4564356158177058, 0.4441707419852416, 0.4346841623385747, 0.4519730893274148, 0.4415014535188675, 0.43868060534199077, 0.43225400398174924, 0.4301118850708008, 0.4393030268450578, 0.443571833272775, 0.4414044916629791, 0.43418459718426067, 0.4386022922893365, 0.4384358177582423, 0.4383098694185416, 0.425771481047074, 0.4381892780462901, 0.44020993759234744, 0.4347374215722084], "val": [0.47141188010573387, 0.459307286888361, 0.42765267193317413, 0.46559926494956017, 0.44696179404854774, 0.4457573816180229, 0.4420621171593666, 0.4388755150139332, 0.4288029633462429, 0.44565484672784805, 0.4239000417292118, 0.4326740838587284, 0.426113098859787, 0.43921061232686043, 0.4492262341082096, 0.44314119592309, 0.4338468424975872, 0.4381655417382717, 0.42767389491200447, 0.4441123381257057], "test": [0.4672556333243847, 0.44171613827347755, 0.4337003268301487, 0.4741275943815708, 0.4550294019281864, 0.44294533133506775, 0.4402790926396847, 0.4488799534738064, 0.4184037148952484, 0.44542211294174194, 0.44337332621216774, 0.4336654283106327, 0.4366602450609207, 0.4303702525794506, 0.44137614592909813, 0.42670540139079094, 0.44508520141243935, 0.4464445300400257, 0.4282132759690285, 0.43114935606718063], "val_iou": [0.758596807718277, 0.7390060424804688, 0.7661666870117188, 0.7857408449053764, 0.7542358264327049, 0.7518524155020714, 0.7509255036711693, 0.7687339410185814, 0.7762019410729408, 0.7682122066617012, 0.8806647956371307, 0.8619308471679688, 0.8738795593380928, 0.8990464210510254, 0.8948544561862946, 0.8748596236109734, 0.8957851380109787, 0.9004053175449371, 0.911976046860218, 0.9072892889380455], "test_iou": [0.7649993896484375, 0.7638565078377724, 0.767353817820549, 0.7689173743128777, 0.7520065307617188, 0.7565048262476921, 0.7407093942165375, 0.7303303480148315, 0.789599783718586, 0.7641810551285744, 0.8905858173966408, 0.8295220211148262, 0.8655596897006035, 0.8965275511145592, 0.8973647579550743, 0.8913823068141937, 0.9161118119955063, 0.8995872139930725, 0.8970649540424347, 0.8959066495299339]}