{"train": [0.5004696838557721, 0.4377393051981926, 0.44480249285697937, 0.43517600148916247, 0.438744642585516, 0.4357068456709385, 0.4471243552863598, 0.4387366347014904, 0.44505261182785033, 0.42984215915203094, 0.4294089198112488, 0.44041761234402654, 0.4360033139586449, 0.44605847299098966, 0.4442127950489521, 0.4355149745941162, 0.428065687417984, 0.44254365414381025, 0.4294360838830471, 0.4292942211031914], "val": [0.4563797967774527, 0.44311393797397614, 0.43657765856810976, 0.4542157032660076, 0.4506901055574417, 0.43579442373343874, 0.43546056534562794, 0.47273377435547964, 0.43564470963818686, 0.44350665807724, 0.4292954845087869, 0.44198577105998993, 0.4249631592205593, 0.43822666151182993, 0.446850917169026, 0.4273488883461271, 0.4432031363248825, 0.4453650734254292, 0.43911965829985483, 0.43379814497062136], "test": [0.44856299672807964, 0.44024215425763813, 0.43736638128757477, 0.42782930178301676, 0.44258817178862436, 0.42751488728182657, 0.44251614809036255, 0.44887117615767885, 0.4383641311100551, 0.4329062168087278, 0.4424205315964563, 0.42434287284101757, 0.4289640635251999, 0.43824345937797, 0.4230919884783881, 0.44058552171502796, 0.43626067680971964, 0.4308986961841583, 0.4292777308395931, 0.43839619415146963], "val_iou": [0.7542584325586047, 0.8088216781616211, 0.882907292672566, 0.8292947454111916, 0.8813542553356716, 0.865755387714931, 0.7960508721215385, 0.7272570303508213, 0.8042786206517901, 0.8085056458200727, 0.8462797360760825, 0.7832437413079398, 0.7717016935348511, 0.8913868921143668, 0.8080724562917437, 0.8775721618107387, 0.8515436819621495, 0.8067170126097543, 0.8481007090636662, 0.8738601974078587], "test_iou": [0.7769362713609423, 0.8115353541714805, 0.8930486185210091, 0.8779020181724003, 0.885863551071712, 0.8859209247997829, 0.7678457541125161, 0.767426495041166, 0.8157346759523664, 0.8212340559278216, 0.8091660014220646, 0.8316315029348645, 0.8025492940630231, 0.9220394492149353, 0.8358395567962101, 0.8691251873970032, 0.8844802975654602, 0.8080443825040545, 0.8835208586284092, 0.8424272750105176]}